{"traceEvents":[
{"cat":"timing","pid":1,"tid":0,"ts":29718758.201 ,"ph":"B","name":"CMD_SEND_DESIRED_STATE28","args":{}},
{"cat":"timing","pid":1,"tid":0,"ts":29718771.041 ,"ph":"E","name":"CMD_SEND_DESIRED_STATE28","args":{}},
{"cat":"timing","pid":1,"tid":0,"ts":29788795.283 ,"ph":"B","name":"btMultiBody addGravity29","args":{}},
{"cat":"timing","pid":1,"tid":0,"ts":29788797.428 ,"ph":"E","name":"btMultiBody addGravity29","args":{}},
{"cat":"timing","pid":1,"tid":0,"ts":29788799.528 ,"ph":"B","name":"predictUnconstraintMotion30","args":{}},
{"cat":"timing","pid":1,"tid":0,"ts":29788799.595 ,"ph":"E","name":"predictUnconstraintMotion30","args":{}},
{"cat":"timing","pid":1,"tid":0,"ts":29788799.640 ,"ph":"B","name":"predictUnconstraintMotionSoftBody31","args":{}},
{"cat":"timing","pid":1,"tid":0,"ts":29788799.876 ,"ph":"E","name":"predictUnconstraintMotionSoftBody31","args":{}},
{"cat":"timing","pid":1,"tid":0,"ts":29788800.261 ,"ph":"B","name":"release predictive contact manifolds32","args":{}},
{"cat":"timing","pid":1,"tid":0,"ts":29788800.325 ,"ph":"E","name":"release predictive contact manifolds32","args":{}},
{"cat":"timing","pid":1,"tid":0,"ts":29788800.044 ,"ph":"B","name":"createPredictiveContacts33","args":{}},
{"cat":"timing","pid":1,"tid":0,"ts":29788800.379 ,"ph":"E","name":"createPredictiveContacts33","args":{}},
{"cat":"timing","pid":1,"tid":0,"ts":29788800.971 ,"ph":"B","name":"updateAabbs34","args":{}},
{"cat":"timing","pid":1,"tid":0,"ts":29788841.643 ,"ph":"E","name":"updateAabbs34","args":{}},
{"cat":"timing","pid":1,"tid":0,"ts":29788841.719 ,"ph":"B","name":"calculateOverlappingPairs35","args":{}},
{"cat":"timing","pid":1,"tid":0,"ts":29788843.779 ,"ph":"E","name":"calculateOverlappingPairs35","args":{}},
{"cat":"timing","pid":1,"tid":0,"ts":29788844.531 ,"ph":"B","name":"btHashedOverlappingPairCache::processAllOverlappingPairs36","args":{}},
{"cat":"timing","pid":1,"tid":0,"ts":29788861.267 ,"ph":"E","name":"btHashedOverlappingPairCache::processAllOverlappingPairs36","args":{}},
{"cat":"timing","pid":1,"tid":0,"ts":29788844.307 ,"ph":"B","name":"processAllOverlappingPairs37","args":{}},
{"cat":"timing","pid":1,"tid":0,"ts":29788861.329 ,"ph":"E","name":"processAllOverlappingPairs37","args":{}},
{"cat":"timing","pid":1,"tid":0,"ts":29788843.827 ,"ph":"B","name":"dispatchAllCollisionPairs38","args":{}},
{"cat":"timing","pid":1,"tid":0,"ts":29788861.376 ,"ph":"E","name":"dispatchAllCollisionPairs38","args":{}},
{"cat":"timing","pid":1,"tid":0,"ts":29788800.787 ,"ph":"B","name":"performDiscreteCollisionDetection39","args":{}},
{"cat":"timing","pid":1,"tid":0,"ts":29788861.419 ,"ph":"E","name":"performDiscreteCollisionDetection39","args":{}},
{"cat":"timing","pid":1,"tid":0,"ts":29788861.643 ,"ph":"B","name":"calculateSimulationIslands40","args":{}},
{"cat":"timing","pid":1,"tid":0,"ts":29788868.101 ,"ph":"E","name":"calculateSimulationIslands40","args":{}},
{"cat":"timing","pid":1,"tid":0,"ts":29788875.847 ,"ph":"B","name":"btMultiBody stepVelocities41","args":{}},
{"cat":"timing","pid":1,"tid":0,"ts":29788891.403 ,"ph":"E","name":"btMultiBody stepVelocities41","args":{}},
{"cat":"timing","pid":1,"tid":0,"ts":29788891.611 ,"ph":"B","name":"islandUnionFindAndQuickSort42","args":{}},
{"cat":"timing","pid":1,"tid":0,"ts":29788892.592 ,"ph":"E","name":"islandUnionFindAndQuickSort42","args":{}},
{"cat":"timing","pid":1,"tid":0,"ts":29788895.919 ,"ph":"B","name":"convertBodies43","args":{}},
{"cat":"timing","pid":1,"tid":0,"ts":29788896.788 ,"ph":"E","name":"convertBodies43","args":{}},
{"cat":"timing","pid":1,"tid":0,"ts":29788896.953 ,"ph":"B","name":"convertJoints44","args":{}},
{"cat":"timing","pid":1,"tid":0,"ts":29788897.081 ,"ph":"E","name":"convertJoints44","args":{}},
{"cat":"timing","pid":1,"tid":0,"ts":29788897.625 ,"ph":"B","name":"setupMultiBodyContactConstraint45","args":{}},
{"cat":"timing","pid":1,"tid":0,"ts":29788904.920 ,"ph":"E","name":"setupMultiBodyContactConstraint45","args":{}},
{"cat":"timing","pid":1,"tid":0,"ts":29788906.242 ,"ph":"B","name":"setupMultiBodyContactConstraint46","args":{}},
{"cat":"timing","pid":1,"tid":0,"ts":29788909.290 ,"ph":"E","name":"setupMultiBodyContactConstraint46","args":{}},
{"cat":"timing","pid":1,"tid":0,"ts":29788905.914 ,"ph":"B","name":"addMultiBodyFrictionConstraint47","args":{}},
{"cat":"timing","pid":1,"tid":0,"ts":29788909.354 ,"ph":"E","name":"addMultiBodyFrictionConstraint47","args":{}},
{"cat":"timing","pid":1,"tid":0,"ts":29788909.540 ,"ph":"B","name":"setupMultiBodyContactConstraint48","args":{}},
{"cat":"timing","pid":1,"tid":0,"ts":29788912.008 ,"ph":"E","name":"setupMultiBodyContactConstraint48","args":{}},
{"cat":"timing","pid":1,"tid":0,"ts":29788909.459 ,"ph":"B","name":"addMultiBodyFrictionConstraint49","args":{}},
{"cat":"timing","pid":1,"tid":0,"ts":29788912.065 ,"ph":"E","name":"addMultiBodyFrictionConstraint49","args":{}},
{"cat":"timing","pid":1,"tid":0,"ts":29788912.201 ,"ph":"B","name":"setupMultiBodyContactConstraint50","args":{}},
{"cat":"timing","pid":1,"tid":0,"ts":29788914.773 ,"ph":"E","name":"setupMultiBodyContactConstraint50","args":{}},
{"cat":"timing","pid":1,"tid":0,"ts":29788914.896 ,"ph":"B","name":"setupMultiBodyContactConstraint51","args":{}},
{"cat":"timing","pid":1,"tid":0,"ts":29788916.595 ,"ph":"E","name":"setupMultiBodyContactConstraint51","args":{}},
{"cat":"timing","pid":1,"tid":0,"ts":29788914.854 ,"ph":"B","name":"addMultiBodyFrictionConstraint52","args":{}},
{"cat":"timing","pid":1,"tid":0,"ts":29788916.636 ,"ph":"E","name":"addMultiBodyFrictionConstraint52","args":{}},
{"cat":"timing","pid":1,"tid":0,"ts":29788916.719 ,"ph":"B","name":"setupMultiBodyContactConstraint53","args":{}},
{"cat":"timing","pid":1,"tid":0,"ts":29788918.374 ,"ph":"E","name":"setupMultiBodyContactConstraint53","args":{}},
{"cat":"timing","pid":1,"tid":0,"ts":29788916.679 ,"ph":"B","name":"addMultiBodyFrictionConstraint54","args":{}},
{"cat":"timing","pid":1,"tid":0,"ts":29788918.415 ,"ph":"E","name":"addMultiBodyFrictionConstraint54","args":{}},
{"cat":"timing","pid":1,"tid":0,"ts":29788918.530 ,"ph":"B","name":"setupMultiBodyContactConstraint55","args":{}},
{"cat":"timing","pid":1,"tid":0,"ts":29788920.230 ,"ph":"E","name":"setupMultiBodyContactConstraint55","args":{}},
{"cat":"timing","pid":1,"tid":0,"ts":29788920.349 ,"ph":"B","name":"setupMultiBodyContactConstraint56","args":{}},
{"cat":"timing","pid":1,"tid":0,"ts":29788921.976 ,"ph":"E","name":"setupMultiBodyContactConstraint56","args":{}},
{"cat":"timing","pid":1,"tid":0,"ts":29788920.294 ,"ph":"B","name":"addMultiBodyFrictionConstraint57","args":{}},
{"cat":"timing","pid":1,"tid":0,"ts":29788922.018 ,"ph":"E","name":"addMultiBodyFrictionConstraint57","args":{}},
{"cat":"timing","pid":1,"tid":0,"ts":29788922.102 ,"ph":"B","name":"setupMultiBodyContactConstraint58","args":{}},
{"cat":"timing","pid":1,"tid":0,"ts":29788923.727 ,"ph":"E","name":"setupMultiBodyContactConstraint58","args":{}},
{"cat":"timing","pid":1,"tid":0,"ts":29788922.061 ,"ph":"B","name":"addMultiBodyFrictionConstraint59","args":{}},
{"cat":"timing","pid":1,"tid":0,"ts":29788923.768 ,"ph":"E","name":"addMultiBodyFrictionConstraint59","args":{}},
{"cat":"timing","pid":1,"tid":0,"ts":29788923.839 ,"ph":"B","name":"setupMultiBodyContactConstraint60","args":{}},
{"cat":"timing","pid":1,"tid":0,"ts":29788925.819 ,"ph":"E","name":"setupMultiBodyContactConstraint60","args":{}},
{"cat":"timing","pid":1,"tid":0,"ts":29788925.945 ,"ph":"B","name":"setupMultiBodyContactConstraint61","args":{}},
{"cat":"timing","pid":1,"tid":0,"ts":29788927.792 ,"ph":"E","name":"setupMultiBodyContactConstraint61","args":{}},
{"cat":"timing","pid":1,"tid":0,"ts":29788925.892 ,"ph":"B","name":"addMultiBodyFrictionConstraint62","args":{}},
{"cat":"timing","pid":1,"tid":0,"ts":29788927.837 ,"ph":"E","name":"addMultiBodyFrictionConstraint62","args":{}},
{"cat":"timing","pid":1,"tid":0,"ts":29788927.918 ,"ph":"B","name":"setupMultiBodyContactConstraint63","args":{}},
{"cat":"timing","pid":1,"tid":0,"ts":29788929.547 ,"ph":"E","name":"setupMultiBodyContactConstraint63","args":{}},
{"cat":"timing","pid":1,"tid":0,"ts":29788927.878 ,"ph":"B","name":"addMultiBodyFrictionConstraint64","args":{}},
{"cat":"timing","pid":1,"tid":0,"ts":29788929.589 ,"ph":"E","name":"addMultiBodyFrictionConstraint64","args":{}},
{"cat":"timing","pid":1,"tid":0,"ts":29788895.579 ,"ph":"B","name":"solveGroupCacheFriendlySetup65","args":{}},
{"cat":"timing","pid":1,"tid":0,"ts":29788959.969 ,"ph":"E","name":"solveGroupCacheFriendlySetup65","args":{}},
{"cat":"timing","pid":1,"tid":0,"ts":29788960.303 ,"ph":"B","name":"solveGroupCacheFriendlySplitImpulseIterations66","args":{}},
{"cat":"timing","pid":1,"tid":0,"ts":29788960.363 ,"ph":"E","name":"solveGroupCacheFriendlySplitImpulseIterations66","args":{}},
{"cat":"timing","pid":1,"tid":0,"ts":29788960.570 ,"ph":"B","name":"solveSingleIteration67","args":{}},
{"cat":"timing","pid":1,"tid":0,"ts":29788960.939 ,"ph":"E","name":"solveSingleIteration67","args":{}},
{"cat":"timing","pid":1,"tid":0,"ts":29788966.484 ,"ph":"B","name":"solveSingleIteration68","args":{}},
{"cat":"timing","pid":1,"tid":0,"ts":29788966.542 ,"ph":"E","name":"solveSingleIteration68","args":{}},
{"cat":"timing","pid":1,"tid":0,"ts":29788969.331 ,"ph":"B","name":"solveSingleIteration69","args":{}},
{"cat":"timing","pid":1,"tid":0,"ts":29788969.376 ,"ph":"E","name":"solveSingleIteration69","args":{}},
{"cat":"timing","pid":1,"tid":0,"ts":29788972.248 ,"ph":"B","name":"solveSingleIteration70","args":{}},
{"cat":"timing","pid":1,"tid":0,"ts":29788972.295 ,"ph":"E","name":"solveSingleIteration70","args":{}},
{"cat":"timing","pid":1,"tid":0,"ts":29788975.073 ,"ph":"B","name":"solveSingleIteration71","args":{}},
{"cat":"timing","pid":1,"tid":0,"ts":29788975.118 ,"ph":"E","name":"solveSingleIteration71","args":{}},
{"cat":"timing","pid":1,"tid":0,"ts":29788977.086 ,"ph":"B","name":"solveSingleIteration72","args":{}},
{"cat":"timing","pid":1,"tid":0,"ts":29788977.124 ,"ph":"E","name":"solveSingleIteration72","args":{}},
{"cat":"timing","pid":1,"tid":0,"ts":29788978.775 ,"ph":"B","name":"solveSingleIteration73","args":{}},
{"cat":"timing","pid":1,"tid":0,"ts":29788978.817 ,"ph":"E","name":"solveSingleIteration73","args":{}},
{"cat":"timing","pid":1,"tid":0,"ts":29788980.576 ,"ph":"B","name":"solveSingleIteration74","args":{}},
{"cat":"timing","pid":1,"tid":0,"ts":29788980.614 ,"ph":"E","name":"solveSingleIteration74","args":{}},
{"cat":"timing","pid":1,"tid":0,"ts":29788991.673 ,"ph":"B","name":"solveSingleIteration75","args":{}},
{"cat":"timing","pid":1,"tid":0,"ts":29788991.904 ,"ph":"E","name":"solveSingleIteration75","args":{}},
{"cat":"timing","pid":1,"tid":0,"ts":29788995.934 ,"ph":"B","name":"solveSingleIteration76","args":{}},
{"cat":"timing","pid":1,"tid":0,"ts":29788996.010 ,"ph":"E","name":"solveSingleIteration76","args":{}},
{"cat":"timing","pid":1,"tid":0,"ts":29788998.723 ,"ph":"B","name":"solveSingleIteration77","args":{}},
{"cat":"timing","pid":1,"tid":0,"ts":29788998.774 ,"ph":"E","name":"solveSingleIteration77","args":{}},
{"cat":"timing","pid":1,"tid":0,"ts":29789001.238 ,"ph":"B","name":"solveSingleIteration78","args":{}},
{"cat":"timing","pid":1,"tid":0,"ts":29789001.281 ,"ph":"E","name":"solveSingleIteration78","args":{}},
{"cat":"timing","pid":1,"tid":0,"ts":29789003.649 ,"ph":"B","name":"solveSingleIteration79","args":{}},
{"cat":"timing","pid":1,"tid":0,"ts":29789003.694 ,"ph":"E","name":"solveSingleIteration79","args":{}},
{"cat":"timing","pid":1,"tid":0,"ts":29789006.458 ,"ph":"B","name":"solveSingleIteration80","args":{}},
{"cat":"timing","pid":1,"tid":0,"ts":29789006.511 ,"ph":"E","name":"solveSingleIteration80","args":{}},
{"cat":"timing","pid":1,"tid":0,"ts":29789009.229 ,"ph":"B","name":"solveSingleIteration81","args":{}},
{"cat":"timing","pid":1,"tid":0,"ts":29789009.273 ,"ph":"E","name":"solveSingleIteration81","args":{}},
{"cat":"timing","pid":1,"tid":0,"ts":29789011.657 ,"ph":"B","name":"solveSingleIteration82","args":{}},
{"cat":"timing","pid":1,"tid":0,"ts":29789011.701 ,"ph":"E","name":"solveSingleIteration82","args":{}},
{"cat":"timing","pid":1,"tid":0,"ts":29789014.087 ,"ph":"B","name":"solveSingleIteration83","args":{}},
{"cat":"timing","pid":1,"tid":0,"ts":29789014.138 ,"ph":"E","name":"solveSingleIteration83","args":{}},
{"cat":"timing","pid":1,"tid":0,"ts":29789032.613 ,"ph":"B","name":"solveSingleIteration84","args":{}},
{"cat":"timing","pid":1,"tid":0,"ts":29789032.880 ,"ph":"E","name":"solveSingleIteration84","args":{}},
{"cat":"timing","pid":1,"tid":0,"ts":29789043.596 ,"ph":"B","name":"solveSingleIteration85","args":{}},
{"cat":"timing","pid":1,"tid":0,"ts":29789043.748 ,"ph":"E","name":"solveSingleIteration85","args":{}},
{"cat":"timing","pid":1,"tid":0,"ts":29789046.181 ,"ph":"B","name":"solveSingleIteration86","args":{}},
{"cat":"timing","pid":1,"tid":0,"ts":29789046.221 ,"ph":"E","name":"solveSingleIteration86","args":{}},
{"cat":"timing","pid":1,"tid":0,"ts":29789054.226 ,"ph":"B","name":"solveSingleIteration87","args":{}},
{"cat":"timing","pid":1,"tid":0,"ts":29789060.719 ,"ph":"E","name":"solveSingleIteration87","args":{}},
{"cat":"timing","pid":1,"tid":0,"ts":29789063.441 ,"ph":"B","name":"solveSingleIteration88","args":{}},
{"cat":"timing","pid":1,"tid":0,"ts":29789063.479 ,"ph":"E","name":"solveSingleIteration88","args":{}},
{"cat":"timing","pid":1,"tid":0,"ts":29789065.120 ,"ph":"B","name":"solveSingleIteration89","args":{}},
{"cat":"timing","pid":1,"tid":0,"ts":29789065.163 ,"ph":"E","name":"solveSingleIteration89","args":{}},
{"cat":"timing","pid":1,"tid":0,"ts":29789066.818 ,"ph":"B","name":"solveSingleIteration90","args":{}},
{"cat":"timing","pid":1,"tid":0,"ts":29789066.857 ,"ph":"E","name":"solveSingleIteration90","args":{}},
{"cat":"timing","pid":1,"tid":0,"ts":29789068.474 ,"ph":"B","name":"solveSingleIteration91","args":{}},
{"cat":"timing","pid":1,"tid":0,"ts":29789068.514 ,"ph":"E","name":"solveSingleIteration91","args":{}},
{"cat":"timing","pid":1,"tid":0,"ts":29789070.174 ,"ph":"B","name":"solveSingleIteration92","args":{}},
{"cat":"timing","pid":1,"tid":0,"ts":29789070.212 ,"ph":"E","name":"solveSingleIteration92","args":{}},
{"cat":"timing","pid":1,"tid":0,"ts":29789071.863 ,"ph":"B","name":"solveSingleIteration93","args":{}},
{"cat":"timing","pid":1,"tid":0,"ts":29789071.904 ,"ph":"E","name":"solveSingleIteration93","args":{}},
{"cat":"timing","pid":1,"tid":0,"ts":29789073.554 ,"ph":"B","name":"solveSingleIteration94","args":{}},
{"cat":"timing","pid":1,"tid":0,"ts":29789073.593 ,"ph":"E","name":"solveSingleIteration94","args":{}},
{"cat":"timing","pid":1,"tid":0,"ts":29789075.207 ,"ph":"B","name":"solveSingleIteration95","args":{}},
{"cat":"timing","pid":1,"tid":0,"ts":29789075.248 ,"ph":"E","name":"solveSingleIteration95","args":{}},
{"cat":"timing","pid":1,"tid":0,"ts":29789076.885 ,"ph":"B","name":"solveSingleIteration96","args":{}},
{"cat":"timing","pid":1,"tid":0,"ts":29789076.923 ,"ph":"E","name":"solveSingleIteration96","args":{}},
{"cat":"timing","pid":1,"tid":0,"ts":29789086.255 ,"ph":"B","name":"solveSingleIteration97","args":{}},
{"cat":"timing","pid":1,"tid":0,"ts":29789086.380 ,"ph":"E","name":"solveSingleIteration97","args":{}},
{"cat":"timing","pid":1,"tid":0,"ts":29789089.431 ,"ph":"B","name":"solveSingleIteration98","args":{}},
{"cat":"timing","pid":1,"tid":0,"ts":29789089.484 ,"ph":"E","name":"solveSingleIteration98","args":{}},
{"cat":"timing","pid":1,"tid":0,"ts":29789092.402 ,"ph":"B","name":"solveSingleIteration99","args":{}},
{"cat":"timing","pid":1,"tid":0,"ts":29789092.452 ,"ph":"E","name":"solveSingleIteration99","args":{}},
{"cat":"timing","pid":1,"tid":0,"ts":29789095.557 ,"ph":"B","name":"solveSingleIteration100","args":{}},
{"cat":"timing","pid":1,"tid":0,"ts":29789095.608 ,"ph":"E","name":"solveSingleIteration100","args":{}},
{"cat":"timing","pid":1,"tid":0,"ts":29789098.452 ,"ph":"B","name":"solveSingleIteration101","args":{}},
{"cat":"timing","pid":1,"tid":0,"ts":29789098.500 ,"ph":"E","name":"solveSingleIteration101","args":{}},
{"cat":"timing","pid":1,"tid":0,"ts":29789101.249 ,"ph":"B","name":"solveSingleIteration102","args":{}},
{"cat":"timing","pid":1,"tid":0,"ts":29789101.299 ,"ph":"E","name":"solveSingleIteration102","args":{}},
{"cat":"timing","pid":1,"tid":0,"ts":29789103.821 ,"ph":"B","name":"solveSingleIteration103","args":{}},
{"cat":"timing","pid":1,"tid":0,"ts":29789103.864 ,"ph":"E","name":"solveSingleIteration103","args":{}},
{"cat":"timing","pid":1,"tid":0,"ts":29789106.569 ,"ph":"B","name":"solveSingleIteration104","args":{}},
{"cat":"timing","pid":1,"tid":0,"ts":29789106.617 ,"ph":"E","name":"solveSingleIteration104","args":{}},
{"cat":"timing","pid":1,"tid":0,"ts":29789109.574 ,"ph":"B","name":"solveSingleIteration105","args":{}},
{"cat":"timing","pid":1,"tid":0,"ts":29789109.628 ,"ph":"E","name":"solveSingleIteration105","args":{}},
{"cat":"timing","pid":1,"tid":0,"ts":29789112.400 ,"ph":"B","name":"solveSingleIteration106","args":{}},
{"cat":"timing","pid":1,"tid":0,"ts":29789112.447 ,"ph":"E","name":"solveSingleIteration106","args":{}},
{"cat":"timing","pid":1,"tid":0,"ts":29789115.119 ,"ph":"B","name":"solveSingleIteration107","args":{}},
{"cat":"timing","pid":1,"tid":0,"ts":29789115.164 ,"ph":"E","name":"solveSingleIteration107","args":{}},
{"cat":"timing","pid":1,"tid":0,"ts":29789117.906 ,"ph":"B","name":"solveSingleIteration108","args":{}},
{"cat":"timing","pid":1,"tid":0,"ts":29789117.945 ,"ph":"E","name":"solveSingleIteration108","args":{}},
{"cat":"timing","pid":1,"tid":0,"ts":29789120.475 ,"ph":"B","name":"solveSingleIteration109","args":{}},
{"cat":"timing","pid":1,"tid":0,"ts":29789120.519 ,"ph":"E","name":"solveSingleIteration109","args":{}},
{"cat":"timing","pid":1,"tid":0,"ts":29789129.386 ,"ph":"B","name":"solveSingleIteration110","args":{}},
{"cat":"timing","pid":1,"tid":0,"ts":29789129.486 ,"ph":"E","name":"solveSingleIteration110","args":{}},
{"cat":"timing","pid":1,"tid":0,"ts":29789131.347 ,"ph":"B","name":"solveSingleIteration111","args":{}},
{"cat":"timing","pid":1,"tid":0,"ts":29789131.388 ,"ph":"E","name":"solveSingleIteration111","args":{}},
{"cat":"timing","pid":1,"tid":0,"ts":29789133.071 ,"ph":"B","name":"solveSingleIteration112","args":{}},
{"cat":"timing","pid":1,"tid":0,"ts":29789133.112 ,"ph":"E","name":"solveSingleIteration112","args":{}},
{"cat":"timing","pid":1,"tid":0,"ts":29789134.734 ,"ph":"B","name":"solveSingleIteration113","args":{}},
{"cat":"timing","pid":1,"tid":0,"ts":29789134.772 ,"ph":"E","name":"solveSingleIteration113","args":{}},
{"cat":"timing","pid":1,"tid":0,"ts":29789136.969 ,"ph":"B","name":"solveSingleIteration114","args":{}},
{"cat":"timing","pid":1,"tid":0,"ts":29789137.008 ,"ph":"E","name":"solveSingleIteration114","args":{}},
{"cat":"timing","pid":1,"tid":0,"ts":29789138.780 ,"ph":"B","name":"solveSingleIteration115","args":{}},
{"cat":"timing","pid":1,"tid":0,"ts":29789138.818 ,"ph":"E","name":"solveSingleIteration115","args":{}},
{"cat":"timing","pid":1,"tid":0,"ts":29789140.557 ,"ph":"B","name":"solveSingleIteration116","args":{}},
{"cat":"timing","pid":1,"tid":0,"ts":29789140.596 ,"ph":"E","name":"solveSingleIteration116","args":{}},
{"cat":"timing","pid":1,"tid":0,"ts":29788960.132 ,"ph":"B","name":"solveGroupCacheFriendlyIterations117","args":{}},
{"cat":"timing","pid":1,"tid":0,"ts":29789142.337 ,"ph":"E","name":"solveGroupCacheFriendlyIterations117","args":{}},
{"cat":"timing","pid":1,"tid":0,"ts":29789143.946 ,"ph":"B","name":"warm starting write back118","args":{}},
{"cat":"timing","pid":1,"tid":0,"ts":29789144.051 ,"ph":"E","name":"warm starting write back118","args":{}},
{"cat":"timing","pid":1,"tid":0,"ts":29789144.170 ,"ph":"B","name":"solveGroupCacheFriendlyFinish119","args":{}},
{"cat":"timing","pid":1,"tid":0,"ts":29789144.497 ,"ph":"E","name":"solveGroupCacheFriendlyFinish119","args":{}},
{"cat":"timing","pid":1,"tid":0,"ts":29789142.444 ,"ph":"B","name":"btMultiBodyConstraintSolver::solveGroupCacheFriendlyFinish120","args":{}},
{"cat":"timing","pid":1,"tid":0,"ts":29789144.541 ,"ph":"E","name":"btMultiBodyConstraintSolver::solveGroupCacheFriendlyFinish120","args":{}},
{"cat":"timing","pid":1,"tid":0,"ts":29788894.865 ,"ph":"B","name":"solveGroup121","args":{}},
{"cat":"timing","pid":1,"tid":0,"ts":29789144.590 ,"ph":"E","name":"solveGroup121","args":{}},
{"cat":"timing","pid":1,"tid":0,"ts":29788892.636 ,"ph":"B","name":"processIslands122","args":{}},
{"cat":"timing","pid":1,"tid":0,"ts":29789145.027 ,"ph":"E","name":"processIslands122","args":{}},
{"cat":"timing","pid":1,"tid":0,"ts":29789145.436 ,"ph":"B","name":"convertBodies123","args":{}},
{"cat":"timing","pid":1,"tid":0,"ts":29789145.675 ,"ph":"E","name":"convertBodies123","args":{}},
{"cat":"timing","pid":1,"tid":0,"ts":29789145.760 ,"ph":"B","name":"convertJoints124","args":{}},
{"cat":"timing","pid":1,"tid":0,"ts":29789145.840 ,"ph":"E","name":"convertJoints124","args":{}},
{"cat":"timing","pid":1,"tid":0,"ts":29789145.347 ,"ph":"B","name":"solveGroupCacheFriendlySetup125","args":{}},
{"cat":"timing","pid":1,"tid":0,"ts":29789146.024 ,"ph":"E","name":"solveGroupCacheFriendlySetup125","args":{}},
{"cat":"timing","pid":1,"tid":0,"ts":29789146.167 ,"ph":"B","name":"solveGroupCacheFriendlySplitImpulseIterations126","args":{}},
{"cat":"timing","pid":1,"tid":0,"ts":29789146.226 ,"ph":"E","name":"solveGroupCacheFriendlySplitImpulseIterations126","args":{}},
{"cat":"timing","pid":1,"tid":0,"ts":29789146.285 ,"ph":"B","name":"solveSingleIteration127","args":{}},
{"cat":"timing","pid":1,"tid":0,"ts":29789146.322 ,"ph":"E","name":"solveSingleIteration127","args":{}},
{"cat":"timing","pid":1,"tid":0,"ts":29789146.098 ,"ph":"B","name":"solveGroupCacheFriendlyIterations128","args":{}},
{"cat":"timing","pid":1,"tid":0,"ts":29789146.443 ,"ph":"E","name":"solveGroupCacheFriendlyIterations128","args":{}},
{"cat":"timing","pid":1,"tid":0,"ts":29789146.549 ,"ph":"B","name":"warm starting write back129","args":{}},
{"cat":"timing","pid":1,"tid":0,"ts":29789146.599 ,"ph":"E","name":"warm starting write back129","args":{}},
{"cat":"timing","pid":1,"tid":0,"ts":29789146.656 ,"ph":"B","name":"solveGroupCacheFriendlyFinish130","args":{}},
{"cat":"timing","pid":1,"tid":0,"ts":29789146.742 ,"ph":"E","name":"solveGroupCacheFriendlyFinish130","args":{}},
{"cat":"timing","pid":1,"tid":0,"ts":29789146.486 ,"ph":"B","name":"btMultiBodyConstraintSolver::solveGroupCacheFriendlyFinish131","args":{}},
{"cat":"timing","pid":1,"tid":0,"ts":29789146.785 ,"ph":"E","name":"btMultiBodyConstraintSolver::solveGroupCacheFriendlyFinish131","args":{}},
{"cat":"timing","pid":1,"tid":0,"ts":29789145.165 ,"ph":"B","name":"solveGroup132","args":{}},
{"cat":"timing","pid":1,"tid":0,"ts":29789146.821 ,"ph":"E","name":"solveGroup132","args":{}},
{"cat":"timing","pid":1,"tid":0,"ts":29789146.948 ,"ph":"B","name":"btMultiBody stepVelocities133","args":{}},
{"cat":"timing","pid":1,"tid":0,"ts":29789158.043 ,"ph":"E","name":"btMultiBody stepVelocities133","args":{}},
{"cat":"timing","pid":1,"tid":0,"ts":29788871.134 ,"ph":"B","name":"solveConstraints134","args":{}},
{"cat":"timing","pid":1,"tid":0,"ts":29789158.272 ,"ph":"E","name":"solveConstraints134","args":{}},
{"cat":"timing","pid":1,"tid":0,"ts":29789158.688 ,"ph":"B","name":"integrateTransforms135","args":{}},
{"cat":"timing","pid":1,"tid":0,"ts":29789158.806 ,"ph":"E","name":"integrateTransforms135","args":{}},
{"cat":"timing","pid":1,"tid":0,"ts":29789158.857 ,"ph":"B","name":"btMultiBody stepPositions136","args":{}},
{"cat":"timing","pid":1,"tid":0,"ts":29789166.532 ,"ph":"E","name":"btMultiBody stepPositions136","args":{}},
{"cat":"timing","pid":1,"tid":0,"ts":29789166.610 ,"ph":"B","name":"updateActions137","args":{}},
{"cat":"timing","pid":1,"tid":0,"ts":29789166.669 ,"ph":"E","name":"updateActions137","args":{}},
{"cat":"timing","pid":1,"tid":0,"ts":29789167.537 ,"ph":"B","name":"updateActivationState138","args":{}},
{"cat":"timing","pid":1,"tid":0,"ts":29789167.581 ,"ph":"E","name":"updateActivationState138","args":{}},
{"cat":"timing","pid":1,"tid":0,"ts":29789166.875 ,"ph":"B","name":"btMultiBodyDynamicsWorld::updateActivationState139","args":{}},
{"cat":"timing","pid":1,"tid":0,"ts":29789167.632 ,"ph":"E","name":"btMultiBodyDynamicsWorld::updateActivationState139","args":{}},
{"cat":"timing","pid":1,"tid":0,"ts":29788798.781 ,"ph":"B","name":"internalSingleStepSimulation140","args":{}},
{"cat":"timing","pid":1,"tid":0,"ts":29789168.470 ,"ph":"E","name":"internalSingleStepSimulation140","args":{}},
{"cat":"timing","pid":1,"tid":0,"ts":29789168.584 ,"ph":"B","name":"solveSoftConstraints141","args":{}},
{"cat":"timing","pid":1,"tid":0,"ts":29789168.848 ,"ph":"E","name":"solveSoftConstraints141","args":{}},
{"cat":"timing","pid":1,"tid":0,"ts":29788790.238 ,"ph":"B","name":"CMD_STEP_FORWARD_SIMULATION142","args":{}},
{"cat":"timing","pid":1,"tid":0,"ts":29789185.501 ,"ph":"E","name":"CMD_STEP_FORWARD_SIMULATION142","args":{}},
{"cat":"timing","pid":1,"tid":0,"ts":29790172.492 ,"ph":"B","name":"CMD_SEND_DESIRED_STATE143","args":{}},
{"cat":"timing","pid":1,"tid":0,"ts":29790186.647 ,"ph":"E","name":"CMD_SEND_DESIRED_STATE143","args":{}},
{"cat":"timing","pid":1,"tid":0,"ts":29790197.353 ,"ph":"B","name":"btMultiBody addGravity144","args":{}},
{"cat":"timing","pid":1,"tid":0,"ts":29790198.079 ,"ph":"E","name":"btMultiBody addGravity144","args":{}},
{"cat":"timing","pid":1,"tid":0,"ts":29790199.249 ,"ph":"B","name":"predictUnconstraintMotion145","args":{}},
{"cat":"timing","pid":1,"tid":0,"ts":29790199.309 ,"ph":"E","name":"predictUnconstraintMotion145","args":{}},
{"cat":"timing","pid":1,"tid":0,"ts":29790199.355 ,"ph":"B","name":"predictUnconstraintMotionSoftBody146","args":{}},
{"cat":"timing","pid":1,"tid":0,"ts":29790199.556 ,"ph":"E","name":"predictUnconstraintMotionSoftBody146","args":{}},
{"cat":"timing","pid":1,"tid":0,"ts":29790199.801 ,"ph":"B","name":"release predictive contact manifolds147","args":{}},
{"cat":"timing","pid":1,"tid":0,"ts":29790199.860 ,"ph":"E","name":"release predictive contact manifolds147","args":{}},
{"cat":"timing","pid":1,"tid":0,"ts":29790199.696 ,"ph":"B","name":"createPredictiveContacts148","args":{}},
{"cat":"timing","pid":1,"tid":0,"ts":29790199.912 ,"ph":"E","name":"createPredictiveContacts148","args":{}},
{"cat":"timing","pid":1,"tid":0,"ts":29790200.217 ,"ph":"B","name":"updateAabbs149","args":{}},
{"cat":"timing","pid":1,"tid":0,"ts":29790244.786 ,"ph":"E","name":"updateAabbs149","args":{}},
{"cat":"timing","pid":1,"tid":0,"ts":29790244.930 ,"ph":"B","name":"calculateOverlappingPairs150","args":{}},
{"cat":"timing","pid":1,"tid":0,"ts":29790246.742 ,"ph":"E","name":"calculateOverlappingPairs150","args":{}},
{"cat":"timing","pid":1,"tid":0,"ts":29790247.255 ,"ph":"B","name":"btHashedOverlappingPairCache::processAllOverlappingPairs151","args":{}},
{"cat":"timing","pid":1,"tid":0,"ts":29790259.114 ,"ph":"E","name":"btHashedOverlappingPairCache::processAllOverlappingPairs151","args":{}},
{"cat":"timing","pid":1,"tid":0,"ts":29790247.184 ,"ph":"B","name":"processAllOverlappingPairs152","args":{}},
{"cat":"timing","pid":1,"tid":0,"ts":29790259.191 ,"ph":"E","name":"processAllOverlappingPairs152","args":{}},
{"cat":"timing","pid":1,"tid":0,"ts":29790246.796 ,"ph":"B","name":"dispatchAllCollisionPairs153","args":{}},
{"cat":"timing","pid":1,"tid":0,"ts":29790259.249 ,"ph":"E","name":"dispatchAllCollisionPairs153","args":{}},
{"cat":"timing","pid":1,"tid":0,"ts":29790200.097 ,"ph":"B","name":"performDiscreteCollisionDetection154","args":{}},
{"cat":"timing","pid":1,"tid":0,"ts":29790259.312 ,"ph":"E","name":"performDiscreteCollisionDetection154","args":{}},
{"cat":"timing","pid":1,"tid":0,"ts":29790259.587 ,"ph":"B","name":"calculateSimulationIslands155","args":{}},
{"cat":"timing","pid":1,"tid":0,"ts":29790272.476 ,"ph":"E","name":"calculateSimulationIslands155","args":{}},
{"cat":"timing","pid":1,"tid":0,"ts":29790291.964 ,"ph":"B","name":"btMultiBody stepVelocities156","args":{}},
{"cat":"timing","pid":1,"tid":0,"ts":29790319.310 ,"ph":"E","name":"btMultiBody stepVelocities156","args":{}},
{"cat":"timing","pid":1,"tid":0,"ts":29790319.652 ,"ph":"B","name":"islandUnionFindAndQuickSort157","args":{}},
{"cat":"timing","pid":1,"tid":0,"ts":29790321.529 ,"ph":"E","name":"islandUnionFindAndQuickSort157","args":{}},
{"cat":"timing","pid":1,"tid":0,"ts":29790324.880 ,"ph":"B","name":"convertBodies158","args":{}},
{"cat":"timing","pid":1,"tid":0,"ts":29790325.990 ,"ph":"E","name":"convertBodies158","args":{}},
{"cat":"timing","pid":1,"tid":0,"ts":29790326.126 ,"ph":"B","name":"convertJoints159","args":{}},
{"cat":"timing","pid":1,"tid":0,"ts":29790326.346 ,"ph":"E","name":"convertJoints159","args":{}},
{"cat":"timing","pid":1,"tid":0,"ts":29790326.964 ,"ph":"B","name":"setupMultiBodyContactConstraint160","args":{}},
{"cat":"timing","pid":1,"tid":0,"ts":29790333.563 ,"ph":"E","name":"setupMultiBodyContactConstraint160","args":{}},
{"cat":"timing","pid":1,"tid":0,"ts":29790334.053 ,"ph":"B","name":"setupMultiBodyContactConstraint161","args":{}},
{"cat":"timing","pid":1,"tid":0,"ts":29790336.302 ,"ph":"E","name":"setupMultiBodyContactConstraint161","args":{}},
{"cat":"timing","pid":1,"tid":0,"ts":29790333.876 ,"ph":"B","name":"addMultiBodyFrictionConstraint162","args":{}},
{"cat":"timing","pid":1,"tid":0,"ts":29790336.346 ,"ph":"E","name":"addMultiBodyFrictionConstraint162","args":{}},
{"cat":"timing","pid":1,"tid":0,"ts":29790336.477 ,"ph":"B","name":"setupMultiBodyContactConstraint163","args":{}},
{"cat":"timing","pid":1,"tid":0,"ts":29790338.202 ,"ph":"E","name":"setupMultiBodyContactConstraint163","args":{}},
{"cat":"timing","pid":1,"tid":0,"ts":29790336.427 ,"ph":"B","name":"addMultiBodyFrictionConstraint164","args":{}},
{"cat":"timing","pid":1,"tid":0,"ts":29790338.243 ,"ph":"E","name":"addMultiBodyFrictionConstraint164","args":{}},
{"cat":"timing","pid":1,"tid":0,"ts":29790338.478 ,"ph":"B","name":"setupMultiBodyContactConstraint165","args":{}},
{"cat":"timing","pid":1,"tid":0,"ts":29790340.886 ,"ph":"E","name":"setupMultiBodyContactConstraint165","args":{}},
{"cat":"timing","pid":1,"tid":0,"ts":29790341.043 ,"ph":"B","name":"setupMultiBodyContactConstraint166","args":{}},
{"cat":"timing","pid":1,"tid":0,"ts":29790357.791 ,"ph":"E","name":"setupMultiBodyContactConstraint166","args":{}},
{"cat":"timing","pid":1,"tid":0,"ts":29790341.002 ,"ph":"B","name":"addMultiBodyFrictionConstraint167","args":{}},
{"cat":"timing","pid":1,"tid":0,"ts":29790358.122 ,"ph":"E","name":"addMultiBodyFrictionConstraint167","args":{}},
{"cat":"timing","pid":1,"tid":0,"ts":29790358.583 ,"ph":"B","name":"setupMultiBodyContactConstraint168","args":{}},
{"cat":"timing","pid":1,"tid":0,"ts":29790362.122 ,"ph":"E","name":"setupMultiBodyContactConstraint168","args":{}},
{"cat":"timing","pid":1,"tid":0,"ts":29790358.407 ,"ph":"B","name":"addMultiBodyFrictionConstraint169","args":{}},
{"cat":"timing","pid":1,"tid":0,"ts":29790362.175 ,"ph":"E","name":"addMultiBodyFrictionConstraint169","args":{}},
{"cat":"timing","pid":1,"tid":0,"ts":29790362.967 ,"ph":"B","name":"setupMultiBodyContactConstraint170","args":{}},
{"cat":"timing","pid":1,"tid":0,"ts":29790366.123 ,"ph":"E","name":"setupMultiBodyContactConstraint170","args":{}},
{"cat":"timing","pid":1,"tid":0,"ts":29790366.344 ,"ph":"B","name":"setupMultiBodyContactConstraint171","args":{}},
{"cat":"timing","pid":1,"tid":0,"ts":29790368.757 ,"ph":"E","name":"setupMultiBodyContactConstraint171","args":{}},
{"cat":"timing","pid":1,"tid":0,"ts":29790366.281 ,"ph":"B","name":"addMultiBodyFrictionConstraint172","args":{}},
{"cat":"timing","pid":1,"tid":0,"ts":29790368.803 ,"ph":"E","name":"addMultiBodyFrictionConstraint172","args":{}},
{"cat":"timing","pid":1,"tid":0,"ts":29790368.906 ,"ph":"B","name":"setupMultiBodyContactConstraint173","args":{}},
{"cat":"timing","pid":1,"tid":0,"ts":29790371.176 ,"ph":"E","name":"setupMultiBodyContactConstraint173","args":{}},
{"cat":"timing","pid":1,"tid":0,"ts":29790368.856 ,"ph":"B","name":"addMultiBodyFrictionConstraint174","args":{}},
{"cat":"timing","pid":1,"tid":0,"ts":29790371.221 ,"ph":"E","name":"addMultiBodyFrictionConstraint174","args":{}},
{"cat":"timing","pid":1,"tid":0,"ts":29790371.344 ,"ph":"B","name":"setupMultiBodyContactConstraint175","args":{}},
{"cat":"timing","pid":1,"tid":0,"ts":29790373.807 ,"ph":"E","name":"setupMultiBodyContactConstraint175","args":{}},
{"cat":"timing","pid":1,"tid":0,"ts":29790373.949 ,"ph":"B","name":"setupMultiBodyContactConstraint176","args":{}},
{"cat":"timing","pid":1,"tid":0,"ts":29790376.377 ,"ph":"E","name":"setupMultiBodyContactConstraint176","args":{}},
{"cat":"timing","pid":1,"tid":0,"ts":29790373.890 ,"ph":"B","name":"addMultiBodyFrictionConstraint177","args":{}},
{"cat":"timing","pid":1,"tid":0,"ts":29790376.424 ,"ph":"E","name":"addMultiBodyFrictionConstraint177","args":{}},
{"cat":"timing","pid":1,"tid":0,"ts":29790376.604 ,"ph":"B","name":"setupMultiBodyContactConstraint178","args":{}},
{"cat":"timing","pid":1,"tid":0,"ts":29790378.990 ,"ph":"E","name":"setupMultiBodyContactConstraint178","args":{}},
{"cat":"timing","pid":1,"tid":0,"ts":29790376.551 ,"ph":"B","name":"addMultiBodyFrictionConstraint179","args":{}},
{"cat":"timing","pid":1,"tid":0,"ts":29790379.043 ,"ph":"E","name":"addMultiBodyFrictionConstraint179","args":{}},
{"cat":"timing","pid":1,"tid":0,"ts":29790324.643 ,"ph":"B","name":"solveGroupCacheFriendlySetup180","args":{}},
{"cat":"timing","pid":1,"tid":0,"ts":29790412.869 ,"ph":"E","name":"solveGroupCacheFriendlySetup180","args":{}},
{"cat":"timing","pid":1,"tid":0,"ts":29790413.214 ,"ph":"B","name":"solveGroupCacheFriendlySplitImpulseIterations181","args":{}},
{"cat":"timing","pid":1,"tid":0,"ts":29790413.266 ,"ph":"E","name":"solveGroupCacheFriendlySplitImpulseIterations181","args":{}},
{"cat":"timing","pid":1,"tid":0,"ts":29790413.400 ,"ph":"B","name":"solveSingleIteration182","args":{}},
{"cat":"timing","pid":1,"tid":0,"ts":29790413.709 ,"ph":"E","name":"solveSingleIteration182","args":{}},
{"cat":"timing","pid":1,"tid":0,"ts":29790418.331 ,"ph":"B","name":"solveSingleIteration183","args":{}},
{"cat":"timing","pid":1,"tid":0,"ts":29790418.377 ,"ph":"E","name":"solveSingleIteration183","args":{}},
{"cat":"timing","pid":1,"tid":0,"ts":29790420.162 ,"ph":"B","name":"solveSingleIteration184","args":{}},
{"cat":"timing","pid":1,"tid":0,"ts":29790420.199 ,"ph":"E","name":"solveSingleIteration184","args":{}},
{"cat":"timing","pid":1,"tid":0,"ts":29790421.932 ,"ph":"B","name":"solveSingleIteration185","args":{}},
{"cat":"timing","pid":1,"tid":0,"ts":29790421.970 ,"ph":"E","name":"solveSingleIteration185","args":{}},
{"cat":"timing","pid":1,"tid":0,"ts":29790423.665 ,"ph":"B","name":"solveSingleIteration186","args":{}},
{"cat":"timing","pid":1,"tid":0,"ts":29790423.702 ,"ph":"E","name":"solveSingleIteration186","args":{}},
{"cat":"timing","pid":1,"tid":0,"ts":29790425.549 ,"ph":"B","name":"solveSingleIteration187","args":{}},
{"cat":"timing","pid":1,"tid":0,"ts":29790425.586 ,"ph":"E","name":"solveSingleIteration187","args":{}},
{"cat":"timing","pid":1,"tid":0,"ts":29790427.337 ,"ph":"B","name":"solveSingleIteration188","args":{}},
{"cat":"timing","pid":1,"tid":0,"ts":29790427.374 ,"ph":"E","name":"solveSingleIteration188","args":{}},
{"cat":"timing","pid":1,"tid":0,"ts":29790429.150 ,"ph":"B","name":"solveSingleIteration189","args":{}},
{"cat":"timing","pid":1,"tid":0,"ts":29790429.273 ,"ph":"E","name":"solveSingleIteration189","args":{}},
{"cat":"timing","pid":1,"tid":0,"ts":29790431.094 ,"ph":"B","name":"solveSingleIteration190","args":{}},
{"cat":"timing","pid":1,"tid":0,"ts":29790431.131 ,"ph":"E","name":"solveSingleIteration190","args":{}},
{"cat":"timing","pid":1,"tid":0,"ts":29790433.235 ,"ph":"B","name":"solveSingleIteration191","args":{}},
{"cat":"timing","pid":1,"tid":0,"ts":29790433.272 ,"ph":"E","name":"solveSingleIteration191","args":{}},
{"cat":"timing","pid":1,"tid":0,"ts":29790435.146 ,"ph":"B","name":"solveSingleIteration192","args":{}},
{"cat":"timing","pid":1,"tid":0,"ts":29790435.183 ,"ph":"E","name":"solveSingleIteration192","args":{}},
{"cat":"timing","pid":1,"tid":0,"ts":29790436.993 ,"ph":"B","name":"solveSingleIteration193","args":{}},
{"cat":"timing","pid":1,"tid":0,"ts":29790437.031 ,"ph":"E","name":"solveSingleIteration193","args":{}},
{"cat":"timing","pid":1,"tid":0,"ts":29790438.839 ,"ph":"B","name":"solveSingleIteration194","args":{}},
{"cat":"timing","pid":1,"tid":0,"ts":29790438.877 ,"ph":"E","name":"solveSingleIteration194","args":{}},
{"cat":"timing","pid":1,"tid":0,"ts":29790440.602 ,"ph":"B","name":"solveSingleIteration195","args":{}},
{"cat":"timing","pid":1,"tid":0,"ts":29790440.640 ,"ph":"E","name":"solveSingleIteration195","args":{}},
{"cat":"timing","pid":1,"tid":0,"ts":29790442.312 ,"ph":"B","name":"solveSingleIteration196","args":{}},
{"cat":"timing","pid":1,"tid":0,"ts":29790442.349 ,"ph":"E","name":"solveSingleIteration196","args":{}},
{"cat":"timing","pid":1,"tid":0,"ts":29790444.275 ,"ph":"B","name":"solveSingleIteration197","args":{}},
{"cat":"timing","pid":1,"tid":0,"ts":29790444.314 ,"ph":"E","name":"solveSingleIteration197","args":{}},
{"cat":"timing","pid":1,"tid":0,"ts":29790446.204 ,"ph":"B","name":"solveSingleIteration198","args":{}},
{"cat":"timing","pid":1,"tid":0,"ts":29790446.242 ,"ph":"E","name":"solveSingleIteration198","args":{}},
{"cat":"timing","pid":1,"tid":0,"ts":29790447.975 ,"ph":"B","name":"solveSingleIteration199","args":{}},
{"cat":"timing","pid":1,"tid":0,"ts":29790448.013 ,"ph":"E","name":"solveSingleIteration199","args":{}},
{"cat":"timing","pid":1,"tid":0,"ts":29790449.757 ,"ph":"B","name":"solveSingleIteration200","args":{}},
{"cat":"timing","pid":1,"tid":0,"ts":29790449.794 ,"ph":"E","name":"solveSingleIteration200","args":{}},
{"cat":"timing","pid":1,"tid":0,"ts":29790451.529 ,"ph":"B","name":"solveSingleIteration201","args":{}},
{"cat":"timing","pid":1,"tid":0,"ts":29790451.568 ,"ph":"E","name":"solveSingleIteration201","args":{}},
{"cat":"timing","pid":1,"tid":0,"ts":29790453.376 ,"ph":"B","name":"solveSingleIteration202","args":{}},
{"cat":"timing","pid":1,"tid":0,"ts":29790453.413 ,"ph":"E","name":"solveSingleIteration202","args":{}},
{"cat":"timing","pid":1,"tid":0,"ts":29790455.100 ,"ph":"B","name":"solveSingleIteration203","args":{}},
{"cat":"timing","pid":1,"tid":0,"ts":29790455.138 ,"ph":"E","name":"solveSingleIteration203","args":{}},
{"cat":"timing","pid":1,"tid":0,"ts":29790456.812 ,"ph":"B","name":"solveSingleIteration204","args":{}},
{"cat":"timing","pid":1,"tid":0,"ts":29790456.850 ,"ph":"E","name":"solveSingleIteration204","args":{}},
{"cat":"timing","pid":1,"tid":0,"ts":29790458.745 ,"ph":"B","name":"solveSingleIteration205","args":{}},
{"cat":"timing","pid":1,"tid":0,"ts":29790458.782 ,"ph":"E","name":"solveSingleIteration205","args":{}},
{"cat":"timing","pid":1,"tid":0,"ts":29790460.709 ,"ph":"B","name":"solveSingleIteration206","args":{}},
{"cat":"timing","pid":1,"tid":0,"ts":29790460.747 ,"ph":"E","name":"solveSingleIteration206","args":{}},
{"cat":"timing","pid":1,"tid":0,"ts":29790463.764 ,"ph":"B","name":"solveSingleIteration207","args":{}},
{"cat":"timing","pid":1,"tid":0,"ts":29790463.815 ,"ph":"E","name":"solveSingleIteration207","args":{}},
{"cat":"timing","pid":1,"tid":0,"ts":29790467.392 ,"ph":"B","name":"solveSingleIteration208","args":{}},
{"cat":"timing","pid":1,"tid":0,"ts":29790467.432 ,"ph":"E","name":"solveSingleIteration208","args":{}},
{"cat":"timing","pid":1,"tid":0,"ts":29790470.313 ,"ph":"B","name":"solveSingleIteration209","args":{}},
{"cat":"timing","pid":1,"tid":0,"ts":29790470.364 ,"ph":"E","name":"solveSingleIteration209","args":{}},
{"cat":"timing","pid":1,"tid":0,"ts":29790473.075 ,"ph":"B","name":"solveSingleIteration210","args":{}},
{"cat":"timing","pid":1,"tid":0,"ts":29790473.118 ,"ph":"E","name":"solveSingleIteration210","args":{}},
{"cat":"timing","pid":1,"tid":0,"ts":29790476.511 ,"ph":"B","name":"solveSingleIteration211","args":{}},
{"cat":"timing","pid":1,"tid":0,"ts":29790476.560 ,"ph":"E","name":"solveSingleIteration211","args":{}},
{"cat":"timing","pid":1,"tid":0,"ts":29790479.146 ,"ph":"B","name":"solveSingleIteration212","args":{}},
{"cat":"timing","pid":1,"tid":0,"ts":29790479.194 ,"ph":"E","name":"solveSingleIteration212","args":{}},
{"cat":"timing","pid":1,"tid":0,"ts":29790481.849 ,"ph":"B","name":"solveSingleIteration213","args":{}},
{"cat":"timing","pid":1,"tid":0,"ts":29790481.893 ,"ph":"E","name":"solveSingleIteration213","args":{}},
{"cat":"timing","pid":1,"tid":0,"ts":29790485.103 ,"ph":"B","name":"solveSingleIteration214","args":{}},
{"cat":"timing","pid":1,"tid":0,"ts":29790485.144 ,"ph":"E","name":"solveSingleIteration214","args":{}},
{"cat":"timing","pid":1,"tid":0,"ts":29790487.432 ,"ph":"B","name":"solveSingleIteration215","args":{}},
{"cat":"timing","pid":1,"tid":0,"ts":29790487.479 ,"ph":"E","name":"solveSingleIteration215","args":{}},
{"cat":"timing","pid":1,"tid":0,"ts":29790491.176 ,"ph":"B","name":"solveSingleIteration216","args":{}},
{"cat":"timing","pid":1,"tid":0,"ts":29790491.233 ,"ph":"E","name":"solveSingleIteration216","args":{}},
{"cat":"timing","pid":1,"tid":0,"ts":29790493.919 ,"ph":"B","name":"solveSingleIteration217","args":{}},
{"cat":"timing","pid":1,"tid":0,"ts":29790493.971 ,"ph":"E","name":"solveSingleIteration217","args":{}},
{"cat":"timing","pid":1,"tid":0,"ts":29790497.065 ,"ph":"B","name":"solveSingleIteration218","args":{}},
{"cat":"timing","pid":1,"tid":0,"ts":29790497.237 ,"ph":"E","name":"solveSingleIteration218","args":{}},
{"cat":"timing","pid":1,"tid":0,"ts":29790500.822 ,"ph":"B","name":"solveSingleIteration219","args":{}},
{"cat":"timing","pid":1,"tid":0,"ts":29790500.874 ,"ph":"E","name":"solveSingleIteration219","args":{}},
{"cat":"timing","pid":1,"tid":0,"ts":29790504.076 ,"ph":"B","name":"solveSingleIteration220","args":{}},
{"cat":"timing","pid":1,"tid":0,"ts":29790504.204 ,"ph":"E","name":"solveSingleIteration220","args":{}},
{"cat":"timing","pid":1,"tid":0,"ts":29790507.341 ,"ph":"B","name":"solveSingleIteration221","args":{}},
{"cat":"timing","pid":1,"tid":0,"ts":29790507.389 ,"ph":"E","name":"solveSingleIteration221","args":{}},
{"cat":"timing","pid":1,"tid":0,"ts":29790510.467 ,"ph":"B","name":"solveSingleIteration222","args":{}},
{"cat":"timing","pid":1,"tid":0,"ts":29790510.604 ,"ph":"E","name":"solveSingleIteration222","args":{}},
{"cat":"timing","pid":1,"tid":0,"ts":29790514.990 ,"ph":"B","name":"solveSingleIteration223","args":{}},
{"cat":"timing","pid":1,"tid":0,"ts":29790515.039 ,"ph":"E","name":"solveSingleIteration223","args":{}},
{"cat":"timing","pid":1,"tid":0,"ts":29790518.354 ,"ph":"B","name":"solveSingleIteration224","args":{}},
{"cat":"timing","pid":1,"tid":0,"ts":29790518.486 ,"ph":"E","name":"solveSingleIteration224","args":{}},
{"cat":"timing","pid":1,"tid":0,"ts":29790522.007 ,"ph":"B","name":"solveSingleIteration225","args":{}},
{"cat":"timing","pid":1,"tid":0,"ts":29790522.053 ,"ph":"E","name":"solveSingleIteration225","args":{}},
{"cat":"timing","pid":1,"tid":0,"ts":29790526.030 ,"ph":"B","name":"solveSingleIteration226","args":{}},
{"cat":"timing","pid":1,"tid":0,"ts":29790526.089 ,"ph":"E","name":"solveSingleIteration226","args":{}},
{"cat":"timing","pid":1,"tid":0,"ts":29790529.333 ,"ph":"B","name":"solveSingleIteration227","args":{}},
{"cat":"timing","pid":1,"tid":0,"ts":29790529.449 ,"ph":"E","name":"solveSingleIteration227","args":{}},
{"cat":"timing","pid":1,"tid":0,"ts":29790533.379 ,"ph":"B","name":"solveSingleIteration228","args":{}},
{"cat":"timing","pid":1,"tid":0,"ts":29790533.429 ,"ph":"E","name":"solveSingleIteration228","args":{}},
{"cat":"timing","pid":1,"tid":0,"ts":29790538.525 ,"ph":"B","name":"solveSingleIteration229","args":{}},
{"cat":"timing","pid":1,"tid":0,"ts":29790538.579 ,"ph":"E","name":"solveSingleIteration229","args":{}},
{"cat":"timing","pid":1,"tid":0,"ts":29790541.571 ,"ph":"B","name":"solveSingleIteration230","args":{}},
{"cat":"timing","pid":1,"tid":0,"ts":29790541.814 ,"ph":"E","name":"solveSingleIteration230","args":{}},
{"cat":"timing","pid":1,"tid":0,"ts":29790544.348 ,"ph":"B","name":"solveSingleIteration231","args":{}},
{"cat":"timing","pid":1,"tid":0,"ts":29790544.401 ,"ph":"E","name":"solveSingleIteration231","args":{}},
{"cat":"timing","pid":1,"tid":0,"ts":29790413.090 ,"ph":"B","name":"solveGroupCacheFriendlyIterations232","args":{}},
{"cat":"timing","pid":1,"tid":0,"ts":29790547.779 ,"ph":"E","name":"solveGroupCacheFriendlyIterations232","args":{}},
{"cat":"timing","pid":1,"tid":0,"ts":29790551.378 ,"ph":"B","name":"warm starting write back233","args":{}},
{"cat":"timing","pid":1,"tid":0,"ts":29790551.565 ,"ph":"E","name":"warm starting write back233","args":{}},
{"cat":"timing","pid":1,"tid":0,"ts":29790551.971 ,"ph":"B","name":"solveGroupCacheFriendlyFinish234","args":{}},
{"cat":"timing","pid":1,"tid":0,"ts":29790552.529 ,"ph":"E","name":"solveGroupCacheFriendlyFinish234","args":{}},
{"cat":"timing","pid":1,"tid":0,"ts":29790547.959 ,"ph":"B","name":"btMultiBodyConstraintSolver::solveGroupCacheFriendlyFinish235","args":{}},
{"cat":"timing","pid":1,"tid":0,"ts":29790552.578 ,"ph":"E","name":"btMultiBodyConstraintSolver::solveGroupCacheFriendlyFinish235","args":{}},
{"cat":"timing","pid":1,"tid":0,"ts":29790324.001 ,"ph":"B","name":"solveGroup236","args":{}},
{"cat":"timing","pid":1,"tid":0,"ts":29790552.627 ,"ph":"E","name":"solveGroup236","args":{}},
{"cat":"timing","pid":1,"tid":0,"ts":29790321.579 ,"ph":"B","name":"processIslands237","args":{}},
{"cat":"timing","pid":1,"tid":0,"ts":29790553.721 ,"ph":"E","name":"processIslands237","args":{}},
{"cat":"timing","pid":1,"tid":0,"ts":29790554.639 ,"ph":"B","name":"convertBodies238","args":{}},
{"cat":"timing","pid":1,"tid":0,"ts":29790555.169 ,"ph":"E","name":"convertBodies238","args":{}},
{"cat":"timing","pid":1,"tid":0,"ts":29790555.603 ,"ph":"B","name":"convertJoints239","args":{}},
{"cat":"timing","pid":1,"tid":0,"ts":29790556.147 ,"ph":"E","name":"convertJoints239","args":{}},
{"cat":"timing","pid":1,"tid":0,"ts":29790554.509 ,"ph":"B","name":"solveGroupCacheFriendlySetup240","args":{}},
{"cat":"timing","pid":1,"tid":0,"ts":29790556.293 ,"ph":"E","name":"solveGroupCacheFriendlySetup240","args":{}},
{"cat":"timing","pid":1,"tid":0,"ts":29790556.607 ,"ph":"B","name":"solveGroupCacheFriendlySplitImpulseIterations241","args":{}},
{"cat":"timing","pid":1,"tid":0,"ts":29790556.678 ,"ph":"E","name":"solveGroupCacheFriendlySplitImpulseIterations241","args":{}},
{"cat":"timing","pid":1,"tid":0,"ts":29790556.722 ,"ph":"B","name":"solveSingleIteration242","args":{}},
{"cat":"timing","pid":1,"tid":0,"ts":29790556.761 ,"ph":"E","name":"solveSingleIteration242","args":{}},
{"cat":"timing","pid":1,"tid":0,"ts":29790556.470 ,"ph":"B","name":"solveGroupCacheFriendlyIterations243","args":{}},
{"cat":"timing","pid":1,"tid":0,"ts":29790556.865 ,"ph":"E","name":"solveGroupCacheFriendlyIterations243","args":{}},
{"cat":"timing","pid":1,"tid":0,"ts":29790556.970 ,"ph":"B","name":"warm starting write back244","args":{}},
{"cat":"timing","pid":1,"tid":0,"ts":29790557.021 ,"ph":"E","name":"warm starting write back244","args":{}},
{"cat":"timing","pid":1,"tid":0,"ts":29790557.063 ,"ph":"B","name":"solveGroupCacheFriendlyFinish245","args":{}},
{"cat":"timing","pid":1,"tid":0,"ts":29790557.150 ,"ph":"E","name":"solveGroupCacheFriendlyFinish245","args":{}},
{"cat":"timing","pid":1,"tid":0,"ts":29790556.907 ,"ph":"B","name":"btMultiBodyConstraintSolver::solveGroupCacheFriendlyFinish246","args":{}},
{"cat":"timing","pid":1,"tid":0,"ts":29790557.188 ,"ph":"E","name":"btMultiBodyConstraintSolver::solveGroupCacheFriendlyFinish246","args":{}},
{"cat":"timing","pid":1,"tid":0,"ts":29790554.099 ,"ph":"B","name":"solveGroup247","args":{}},
{"cat":"timing","pid":1,"tid":0,"ts":29790557.226 ,"ph":"E","name":"solveGroup247","args":{}},
{"cat":"timing","pid":1,"tid":0,"ts":29790557.436 ,"ph":"B","name":"btMultiBody stepVelocities248","args":{}},
{"cat":"timing","pid":1,"tid":0,"ts":29790572.596 ,"ph":"E","name":"btMultiBody stepVelocities248","args":{}},
{"cat":"timing","pid":1,"tid":0,"ts":29790287.942 ,"ph":"B","name":"solveConstraints249","args":{}},
{"cat":"timing","pid":1,"tid":0,"ts":29790572.904 ,"ph":"E","name":"solveConstraints249","args":{}},
{"cat":"timing","pid":1,"tid":0,"ts":29790573.391 ,"ph":"B","name":"integrateTransforms250","args":{}},
{"cat":"timing","pid":1,"tid":0,"ts":29790573.526 ,"ph":"E","name":"integrateTransforms250","args":{}},
{"cat":"timing","pid":1,"tid":0,"ts":29790573.572 ,"ph":"B","name":"btMultiBody stepPositions251","args":{}},
{"cat":"timing","pid":1,"tid":0,"ts":29790580.070 ,"ph":"E","name":"btMultiBody stepPositions251","args":{}},
{"cat":"timing","pid":1,"tid":0,"ts":29790580.177 ,"ph":"B","name":"updateActions252","args":{}},
{"cat":"timing","pid":1,"tid":0,"ts":29790580.230 ,"ph":"E","name":"updateActions252","args":{}},
{"cat":"timing","pid":1,"tid":0,"ts":29790580.876 ,"ph":"B","name":"updateActivationState253","args":{}},
{"cat":"timing","pid":1,"tid":0,"ts":29790581.030 ,"ph":"E","name":"updateActivationState253","args":{}},
{"cat":"timing","pid":1,"tid":0,"ts":29790580.500 ,"ph":"B","name":"btMultiBodyDynamicsWorld::updateActivationState254","args":{}},
{"cat":"timing","pid":1,"tid":0,"ts":29790581.076 ,"ph":"E","name":"btMultiBodyDynamicsWorld::updateActivationState254","args":{}},
{"cat":"timing","pid":1,"tid":0,"ts":29790198.682 ,"ph":"B","name":"internalSingleStepSimulation255","args":{}},
{"cat":"timing","pid":1,"tid":0,"ts":29790582.695 ,"ph":"E","name":"internalSingleStepSimulation255","args":{}},
{"cat":"timing","pid":1,"tid":0,"ts":29790582.900 ,"ph":"B","name":"solveSoftConstraints256","args":{}},
{"cat":"timing","pid":1,"tid":0,"ts":29790583.547 ,"ph":"E","name":"solveSoftConstraints256","args":{}},
{"cat":"timing","pid":1,"tid":0,"ts":29790195.325 ,"ph":"B","name":"CMD_STEP_FORWARD_SIMULATION257","args":{}},
{"cat":"timing","pid":1,"tid":0,"ts":29790594.217 ,"ph":"E","name":"CMD_STEP_FORWARD_SIMULATION257","args":{}},
{"cat":"timing","pid":1,"tid":1,"ts":10906055.375 ,"ph":"B","name":"Swap Buffers258","args":{}},
{"cat":"timing","pid":1,"tid":1,"ts":29717270.712 ,"ph":"E","name":"Swap Buffers258","args":{}},
{"cat":"timing","pid":1,"tid":1,"ts":29717271.281 ,"ph":"B","name":"forceUpdateScrollBars259","args":{}},
{"cat":"timing","pid":1,"tid":1,"ts":29717274.338 ,"ph":"E","name":"forceUpdateScrollBars259","args":{}},
{"cat":"timing","pid":1,"tid":1,"ts":10852346.289 ,"ph":"B","name":"OpenGLExampleBrowser::update260","args":{}},
{"cat":"timing","pid":1,"tid":1,"ts":29717274.382 ,"ph":"E","name":"OpenGLExampleBrowser::update260","args":{}},
{"cat":"timing","pid":1,"tid":1,"ts":10852345.660 ,"ph":"B","name":"m_clock.reset()261","args":{}},
{"cat":"timing","pid":1,"tid":1,"ts":29717274.790 ,"ph":"E","name":"m_clock.reset()261","args":{}},
{"cat":"timing","pid":1,"tid":1,"ts":29717322.927 ,"ph":"B","name":"CMD_REQUEST_KEYBOARD_EVENTS_DATA_COMPLETED262","args":{}},
{"cat":"timing","pid":1,"tid":1,"ts":29717323.159 ,"ph":"E","name":"CMD_REQUEST_KEYBOARD_EVENTS_DATA_COMPLETED262","args":{}},
{"cat":"timing","pid":1,"tid":1,"ts":29717285.554 ,"ph":"B","name":"processServerCMD263","args":{}},
{"cat":"timing","pid":1,"tid":1,"ts":29717323.650 ,"ph":"E","name":"processServerCMD263","args":{}},
{"cat":"timing","pid":1,"tid":1,"ts":10852342.754 ,"ph":"B","name":"b3ProcessServerStatus264","args":{}},
{"cat":"timing","pid":1,"tid":1,"ts":29717324.176 ,"ph":"E","name":"b3ProcessServerStatus264","args":{}},
{"cat":"timing","pid":1,"tid":1,"ts":10852340.007 ,"ph":"B","name":"b3SubmitClientCommandAndWaitStatus265","args":{}},
{"cat":"timing","pid":1,"tid":1,"ts":29717324.533 ,"ph":"E","name":"b3SubmitClientCommandAndWaitStatus265","args":{}},
{"cat":"timing","pid":1,"tid":1,"ts":29718756.643 ,"ph":"B","name":"b3SubmitClientCommand266","args":{}},
{"cat":"timing","pid":1,"tid":1,"ts":29718756.831 ,"ph":"E","name":"b3SubmitClientCommand266","args":{}},
{"cat":"timing","pid":1,"tid":1,"ts":29720277.074 ,"ph":"B","name":"texture267","args":{}},
{"cat":"timing","pid":1,"tid":1,"ts":29720278.189 ,"ph":"E","name":"texture267","args":{}},
{"cat":"timing","pid":1,"tid":1,"ts":29720278.750 ,"ph":"B","name":"Update Camera and Light268","args":{}},
{"cat":"timing","pid":1,"tid":1,"ts":29720280.073 ,"ph":"E","name":"Update Camera and Light268","args":{}},
{"cat":"timing","pid":1,"tid":1,"ts":29720280.193 ,"ph":"B","name":"Draw Grid269","args":{}},
{"cat":"timing","pid":1,"tid":1,"ts":29720358.498 ,"ph":"E","name":"Draw Grid269","args":{}},
{"cat":"timing","pid":1,"tid":1,"ts":29720361.596 ,"ph":"B","name":"write all InstanceTransformToCPU270","args":{}},
{"cat":"timing","pid":1,"tid":1,"ts":29720366.591 ,"ph":"E","name":"write all InstanceTransformToCPU270","args":{}},
{"cat":"timing","pid":1,"tid":1,"ts":29720366.630 ,"ph":"B","name":"writeTransforms271","args":{}},
{"cat":"timing","pid":1,"tid":1,"ts":29720499.979 ,"ph":"E","name":"writeTransforms271","args":{}},
{"cat":"timing","pid":1,"tid":1,"ts":29720501.944 ,"ph":"B","name":"texture272","args":{}},
{"cat":"timing","pid":1,"tid":1,"ts":29720502.398 ,"ph":"E","name":"texture272","args":{}},
{"cat":"timing","pid":1,"tid":1,"ts":29720501.709 ,"ph":"B","name":"init273","args":{}},
{"cat":"timing","pid":1,"tid":1,"ts":29720502.464 ,"ph":"E","name":"init273","args":{}},
{"cat":"timing","pid":1,"tid":1,"ts":29720503.939 ,"ph":"B","name":"updateCamera274","args":{}},
{"cat":"timing","pid":1,"tid":1,"ts":29720504.104 ,"ph":"E","name":"updateCamera274","args":{}},
{"cat":"timing","pid":1,"tid":1,"ts":29720504.147 ,"ph":"B","name":"glFlush2275","args":{}},
{"cat":"timing","pid":1,"tid":1,"ts":29720504.240 ,"ph":"E","name":"glFlush2275","args":{}},
{"cat":"timing","pid":1,"tid":1,"ts":29720508.153 ,"ph":"B","name":"glDrawElementsInstanced276","args":{}},
{"cat":"timing","pid":1,"tid":1,"ts":29720522.683 ,"ph":"E","name":"glDrawElementsInstanced276","args":{}},
{"cat":"timing","pid":1,"tid":1,"ts":29720523.847 ,"ph":"B","name":"glDrawElementsInstanced277","args":{}},
{"cat":"timing","pid":1,"tid":1,"ts":29720528.291 ,"ph":"E","name":"glDrawElementsInstanced277","args":{}},
{"cat":"timing","pid":1,"tid":1,"ts":29720530.670 ,"ph":"B","name":"glDrawElementsInstanced278","args":{}},
{"cat":"timing","pid":1,"tid":1,"ts":29720534.057 ,"ph":"E","name":"glDrawElementsInstanced278","args":{}},
{"cat":"timing","pid":1,"tid":1,"ts":29720534.891 ,"ph":"B","name":"glDrawElementsInstanced279","args":{}},
{"cat":"timing","pid":1,"tid":1,"ts":29720537.539 ,"ph":"E","name":"glDrawElementsInstanced279","args":{}},
{"cat":"timing","pid":1,"tid":1,"ts":29720538.519 ,"ph":"B","name":"glDrawElementsInstanced280","args":{}},
{"cat":"timing","pid":1,"tid":1,"ts":29720540.915 ,"ph":"E","name":"glDrawElementsInstanced280","args":{}},
{"cat":"timing","pid":1,"tid":1,"ts":29720542.342 ,"ph":"B","name":"glDrawElementsInstanced281","args":{}},
{"cat":"timing","pid":1,"tid":1,"ts":29720544.642 ,"ph":"E","name":"glDrawElementsInstanced281","args":{}},
{"cat":"timing","pid":1,"tid":1,"ts":29720545.605 ,"ph":"B","name":"glDrawElementsInstanced282","args":{}},
{"cat":"timing","pid":1,"tid":1,"ts":29720548.825 ,"ph":"E","name":"glDrawElementsInstanced282","args":{}},
{"cat":"timing","pid":1,"tid":1,"ts":29720549.016 ,"ph":"B","name":"glFlush283","args":{}},
{"cat":"timing","pid":1,"tid":1,"ts":29720549.059 ,"ph":"E","name":"glFlush283","args":{}},
{"cat":"timing","pid":1,"tid":1,"ts":29720549.111 ,"ph":"B","name":"glUseProgram(0);284","args":{}},
{"cat":"timing","pid":1,"tid":1,"ts":29720549.804 ,"ph":"E","name":"glUseProgram(0);284","args":{}},
{"cat":"timing","pid":1,"tid":1,"ts":29720501.669 ,"ph":"B","name":"GLInstancingRenderer::RenderScene285","args":{}},
{"cat":"timing","pid":1,"tid":1,"ts":29720550.333 ,"ph":"E","name":"GLInstancingRenderer::RenderScene285","args":{}},
{"cat":"timing","pid":1,"tid":1,"ts":29720359.064 ,"ph":"B","name":"PhysicsServerExample::RenderScene286","args":{}},
{"cat":"timing","pid":1,"tid":1,"ts":29720551.827 ,"ph":"E","name":"PhysicsServerExample::RenderScene286","args":{}},
{"cat":"timing","pid":1,"tid":1,"ts":29720358.619 ,"ph":"B","name":"Render Scene287","args":{}},
{"cat":"timing","pid":1,"tid":1,"ts":29720552.003 ,"ph":"E","name":"Render Scene287","args":{}},
{"cat":"timing","pid":1,"tid":1,"ts":29720552.118 ,"ph":"B","name":"setStatusBarMessage288","args":{}},
{"cat":"timing","pid":1,"tid":1,"ts":29720564.132 ,"ph":"E","name":"setStatusBarMessage288","args":{}},
{"cat":"timing","pid":1,"tid":1,"ts":29720564.222 ,"ph":"B","name":"renderGui289","args":{}},
{"cat":"timing","pid":1,"tid":1,"ts":29758554.592 ,"ph":"E","name":"renderGui289","args":{}},
{"cat":"timing","pid":1,"tid":1,"ts":29758554.986 ,"ph":"B","name":"Sync Parameters290","args":{}},
{"cat":"timing","pid":1,"tid":1,"ts":29758555.504 ,"ph":"E","name":"Sync Parameters290","args":{}},
{"cat":"timing","pid":1,"tid":1,"ts":29758555.551 ,"ph":"B","name":"Swap Buffers291","args":{}},
{"cat":"timing","pid":1,"tid":1,"ts":29788742.104 ,"ph":"E","name":"Swap Buffers291","args":{}},
{"cat":"timing","pid":1,"tid":1,"ts":29788742.425 ,"ph":"B","name":"forceUpdateScrollBars292","args":{}},
{"cat":"timing","pid":1,"tid":1,"ts":29788748.227 ,"ph":"E","name":"forceUpdateScrollBars292","args":{}},
{"cat":"timing","pid":1,"tid":1,"ts":29720275.364 ,"ph":"B","name":"OpenGLExampleBrowser::update293","args":{}},
{"cat":"timing","pid":1,"tid":1,"ts":29788748.282 ,"ph":"E","name":"OpenGLExampleBrowser::update293","args":{}},
{"cat":"timing","pid":1,"tid":1,"ts":29720274.478 ,"ph":"B","name":"m_clock.reset()294","args":{}},
{"cat":"timing","pid":1,"tid":1,"ts":29788748.860 ,"ph":"E","name":"m_clock.reset()294","args":{}},
{"cat":"timing","pid":1,"tid":1,"ts":29788755.379 ,"ph":"B","name":"CMD_DESIRED_STATE_RECEIVED_COMPLETED295","args":{}},
{"cat":"timing","pid":1,"tid":1,"ts":29788755.419 ,"ph":"E","name":"CMD_DESIRED_STATE_RECEIVED_COMPLETED295","args":{}},
{"cat":"timing","pid":1,"tid":1,"ts":29788749.322 ,"ph":"B","name":"processServerCMD296","args":{}},
{"cat":"timing","pid":1,"tid":1,"ts":29788756.202 ,"ph":"E","name":"processServerCMD296","args":{}},
{"cat":"timing","pid":1,"tid":1,"ts":29718757.093 ,"ph":"B","name":"b3ProcessServerStatus297","args":{}},
{"cat":"timing","pid":1,"tid":1,"ts":29788756.882 ,"ph":"E","name":"b3ProcessServerStatus297","args":{}},
{"cat":"timing","pid":1,"tid":1,"ts":29718755.579 ,"ph":"B","name":"b3SubmitClientCommandAndWaitStatus298","args":{}},
{"cat":"timing","pid":1,"tid":1,"ts":29788757.467 ,"ph":"E","name":"b3SubmitClientCommandAndWaitStatus298","args":{}},
{"cat":"timing","pid":1,"tid":1,"ts":29788788.590 ,"ph":"B","name":"b3SubmitClientCommand299","args":{}},
{"cat":"timing","pid":1,"tid":1,"ts":29788788.691 ,"ph":"E","name":"b3SubmitClientCommand299","args":{}},
{"cat":"timing","pid":1,"tid":1,"ts":29789192.514 ,"ph":"B","name":"CMD_STEP_FORWARD_SIMULATION_COMPLETED300","args":{}},
{"cat":"timing","pid":1,"tid":1,"ts":29789192.594 ,"ph":"E","name":"CMD_STEP_FORWARD_SIMULATION_COMPLETED300","args":{}},
{"cat":"timing","pid":1,"tid":1,"ts":29789190.135 ,"ph":"B","name":"processServerCMD301","args":{}},
{"cat":"timing","pid":1,"tid":1,"ts":29789192.891 ,"ph":"E","name":"processServerCMD301","args":{}},
{"cat":"timing","pid":1,"tid":1,"ts":29788788.775 ,"ph":"B","name":"b3ProcessServerStatus302","args":{}},
{"cat":"timing","pid":1,"tid":1,"ts":29789192.991 ,"ph":"E","name":"b3ProcessServerStatus302","args":{}},
{"cat":"timing","pid":1,"tid":1,"ts":29788787.818 ,"ph":"B","name":"b3SubmitClientCommandAndWaitStatus303","args":{}},
{"cat":"timing","pid":1,"tid":1,"ts":29789193.659 ,"ph":"E","name":"b3SubmitClientCommandAndWaitStatus303","args":{}},
{"cat":"timing","pid":1,"tid":1,"ts":29789258.110 ,"ph":"B","name":"b3SubmitClientCommand304","args":{}},
{"cat":"timing","pid":1,"tid":1,"ts":29789258.230 ,"ph":"E","name":"b3SubmitClientCommand304","args":{}},
{"cat":"timing","pid":1,"tid":1,"ts":29789261.438 ,"ph":"B","name":"CMD_REQUEST_KEYBOARD_EVENTS_DATA_COMPLETED305","args":{}},
{"cat":"timing","pid":1,"tid":1,"ts":29789261.727 ,"ph":"E","name":"CMD_REQUEST_KEYBOARD_EVENTS_DATA_COMPLETED305","args":{}},
{"cat":"timing","pid":1,"tid":1,"ts":29789259.425 ,"ph":"B","name":"processServerCMD306","args":{}},
{"cat":"timing","pid":1,"tid":1,"ts":29789261.888 ,"ph":"E","name":"processServerCMD306","args":{}},
{"cat":"timing","pid":1,"tid":1,"ts":29789258.326 ,"ph":"B","name":"b3ProcessServerStatus307","args":{}},
{"cat":"timing","pid":1,"tid":1,"ts":29789261.966 ,"ph":"E","name":"b3ProcessServerStatus307","args":{}},
{"cat":"timing","pid":1,"tid":1,"ts":29789257.388 ,"ph":"B","name":"b3SubmitClientCommandAndWaitStatus308","args":{}},
{"cat":"timing","pid":1,"tid":1,"ts":29789262.464 ,"ph":"E","name":"b3SubmitClientCommandAndWaitStatus308","args":{}},
{"cat":"timing","pid":1,"tid":1,"ts":29790171.408 ,"ph":"B","name":"b3SubmitClientCommand309","args":{}},
{"cat":"timing","pid":1,"tid":1,"ts":29790171.597 ,"ph":"E","name":"b3SubmitClientCommand309","args":{}},
{"cat":"timing","pid":1,"tid":1,"ts":29790189.983 ,"ph":"B","name":"CMD_DESIRED_STATE_RECEIVED_COMPLETED310","args":{}},
{"cat":"timing","pid":1,"tid":1,"ts":29790190.052 ,"ph":"E","name":"CMD_DESIRED_STATE_RECEIVED_COMPLETED310","args":{}},
{"cat":"timing","pid":1,"tid":1,"ts":29790187.188 ,"ph":"B","name":"processServerCMD311","args":{}},
{"cat":"timing","pid":1,"tid":1,"ts":29790190.440 ,"ph":"E","name":"processServerCMD311","args":{}},
{"cat":"timing","pid":1,"tid":1,"ts":29790171.788 ,"ph":"B","name":"b3ProcessServerStatus312","args":{}},
{"cat":"timing","pid":1,"tid":1,"ts":29790190.535 ,"ph":"E","name":"b3ProcessServerStatus312","args":{}},
{"cat":"timing","pid":1,"tid":1,"ts":29790170.437 ,"ph":"B","name":"b3SubmitClientCommandAndWaitStatus313","args":{}},
{"cat":"timing","pid":1,"tid":1,"ts":29790190.872 ,"ph":"E","name":"b3SubmitClientCommandAndWaitStatus313","args":{}},
{"cat":"timing","pid":1,"tid":1,"ts":29790194.770 ,"ph":"B","name":"b3SubmitClientCommand314","args":{}},
{"cat":"timing","pid":1,"tid":1,"ts":29790194.807 ,"ph":"E","name":"b3SubmitClientCommand314","args":{}},
{"cat":"timing","pid":1,"tid":1,"ts":29790602.110 ,"ph":"B","name":"CMD_STEP_FORWARD_SIMULATION_COMPLETED315","args":{}},
{"cat":"timing","pid":1,"tid":1,"ts":29790602.166 ,"ph":"E","name":"CMD_STEP_FORWARD_SIMULATION_COMPLETED315","args":{}},
{"cat":"timing","pid":1,"tid":1,"ts":29790595.648 ,"ph":"B","name":"processServerCMD316","args":{}},
{"cat":"timing","pid":1,"tid":1,"ts":29790602.834 ,"ph":"E","name":"processServerCMD316","args":{}},
{"cat":"timing","pid":1,"tid":1,"ts":29790194.849 ,"ph":"B","name":"b3ProcessServerStatus317","args":{}},
{"cat":"timing","pid":1,"tid":1,"ts":29790602.976 ,"ph":"E","name":"b3ProcessServerStatus317","args":{}},
{"cat":"timing","pid":1,"tid":1,"ts":29790194.562 ,"ph":"B","name":"b3SubmitClientCommandAndWaitStatus318","args":{}},
{"cat":"timing","pid":1,"tid":1,"ts":29790603.296 ,"ph":"E","name":"b3SubmitClientCommandAndWaitStatus318","args":{}},
{"cat":"timing","pid":1,"tid":1,"ts":29799265.251 ,"ph":"B","name":"b3SubmitClientCommand319","args":{}},
{"cat":"timing","pid":1,"tid":1,"ts":29799265.459 ,"ph":"E","name":"b3SubmitClientCommand319","args":{}},
{"cat":"timing","pid":1,"tid":1,"ts":29799270.413 ,"ph":"B","name":"texture320","args":{}},
{"cat":"timing","pid":1,"tid":1,"ts":29799272.253 ,"ph":"E","name":"texture320","args":{}},
{"cat":"timing","pid":1,"tid":1,"ts":29799272.764 ,"ph":"B","name":"Update Camera and Light321","args":{}},
{"cat":"timing","pid":1,"tid":1,"ts":29799274.161 ,"ph":"E","name":"Update Camera and Light321","args":{}},
{"cat":"timing","pid":1,"tid":1,"ts":29799274.296 ,"ph":"B","name":"Draw Grid322","args":{}},
{"cat":"timing","pid":1,"tid":1,"ts":29799376.651 ,"ph":"E","name":"Draw Grid322","args":{}},
{"cat":"timing","pid":1,"tid":1,"ts":29799378.831 ,"ph":"B","name":"write all InstanceTransformToCPU323","args":{}},
{"cat":"timing","pid":1,"tid":1,"ts":29799382.982 ,"ph":"E","name":"write all InstanceTransformToCPU323","args":{}},
{"cat":"timing","pid":1,"tid":1,"ts":29799383.024 ,"ph":"B","name":"writeTransforms324","args":{}},
{"cat":"timing","pid":1,"tid":1,"ts":29799551.473 ,"ph":"E","name":"writeTransforms324","args":{}},
{"cat":"timing","pid":1,"tid":1,"ts":29799553.434 ,"ph":"B","name":"texture325","args":{}},
{"cat":"timing","pid":1,"tid":1,"ts":29799553.702 ,"ph":"E","name":"texture325","args":{}},
{"cat":"timing","pid":1,"tid":1,"ts":29799553.191 ,"ph":"B","name":"init326","args":{}},
{"cat":"timing","pid":1,"tid":1,"ts":29799553.767 ,"ph":"E","name":"init326","args":{}},
{"cat":"timing","pid":1,"tid":1,"ts":29799554.709 ,"ph":"B","name":"updateCamera327","args":{}},
{"cat":"timing","pid":1,"tid":1,"ts":29799554.842 ,"ph":"E","name":"updateCamera327","args":{}},
{"cat":"timing","pid":1,"tid":1,"ts":29799554.886 ,"ph":"B","name":"glFlush2328","args":{}},
{"cat":"timing","pid":1,"tid":1,"ts":29799554.979 ,"ph":"E","name":"glFlush2328","args":{}},
{"cat":"timing","pid":1,"tid":1,"ts":29799558.185 ,"ph":"B","name":"glDrawElementsInstanced329","args":{}},
{"cat":"timing","pid":1,"tid":1,"ts":29799570.868 ,"ph":"E","name":"glDrawElementsInstanced329","args":{}},
{"cat":"timing","pid":1,"tid":1,"ts":29799572.007 ,"ph":"B","name":"glDrawElementsInstanced330","args":{}},
{"cat":"timing","pid":1,"tid":1,"ts":29799575.889 ,"ph":"E","name":"glDrawElementsInstanced330","args":{}},
{"cat":"timing","pid":1,"tid":1,"ts":29799577.802 ,"ph":"B","name":"glDrawElementsInstanced331","args":{}},
{"cat":"timing","pid":1,"tid":1,"ts":29799581.082 ,"ph":"E","name":"glDrawElementsInstanced331","args":{}},
{"cat":"timing","pid":1,"tid":1,"ts":29799581.745 ,"ph":"B","name":"glDrawElementsInstanced332","args":{}},
{"cat":"timing","pid":1,"tid":1,"ts":29799584.163 ,"ph":"E","name":"glDrawElementsInstanced332","args":{}},
{"cat":"timing","pid":1,"tid":1,"ts":29799584.786 ,"ph":"B","name":"glDrawElementsInstanced333","args":{}},
{"cat":"timing","pid":1,"tid":1,"ts":29799587.015 ,"ph":"E","name":"glDrawElementsInstanced333","args":{}},
{"cat":"timing","pid":1,"tid":1,"ts":29799587.931 ,"ph":"B","name":"glDrawElementsInstanced334","args":{}},
{"cat":"timing","pid":1,"tid":1,"ts":29799590.072 ,"ph":"E","name":"glDrawElementsInstanced334","args":{}},
{"cat":"timing","pid":1,"tid":1,"ts":29799590.816 ,"ph":"B","name":"glDrawElementsInstanced335","args":{}},
{"cat":"timing","pid":1,"tid":1,"ts":29799593.467 ,"ph":"E","name":"glDrawElementsInstanced335","args":{}},
{"cat":"timing","pid":1,"tid":1,"ts":29799593.623 ,"ph":"B","name":"glFlush336","args":{}},
{"cat":"timing","pid":1,"tid":1,"ts":29799593.664 ,"ph":"E","name":"glFlush336","args":{}},
{"cat":"timing","pid":1,"tid":1,"ts":29799593.717 ,"ph":"B","name":"glUseProgram(0);337","args":{}},
{"cat":"timing","pid":1,"tid":1,"ts":29799594.360 ,"ph":"E","name":"glUseProgram(0);337","args":{}},
{"cat":"timing","pid":1,"tid":1,"ts":29799553.143 ,"ph":"B","name":"GLInstancingRenderer::RenderScene338","args":{}},
{"cat":"timing","pid":1,"tid":1,"ts":29799594.913 ,"ph":"E","name":"GLInstancingRenderer::RenderScene338","args":{}},
{"cat":"timing","pid":1,"tid":1,"ts":29799377.016 ,"ph":"B","name":"PhysicsServerExample::RenderScene339","args":{}},
{"cat":"timing","pid":1,"tid":1,"ts":29799596.156 ,"ph":"E","name":"PhysicsServerExample::RenderScene339","args":{}},
{"cat":"timing","pid":1,"tid":1,"ts":29799376.740 ,"ph":"B","name":"Render Scene340","args":{}},
{"cat":"timing","pid":1,"tid":1,"ts":29799596.268 ,"ph":"E","name":"Render Scene340","args":{}},
{"cat":"timing","pid":1,"tid":1,"ts":29799596.375 ,"ph":"B","name":"setStatusBarMessage341","args":{}},
{"cat":"timing","pid":1,"tid":1,"ts":29799606.200 ,"ph":"E","name":"setStatusBarMessage341","args":{}},
{"cat":"timing","pid":1,"tid":1,"ts":29799606.255 ,"ph":"B","name":"renderGui342","args":{}},
{"cat":"timing","pid":1,"tid":1,"ts":29850891.636 ,"ph":"E","name":"renderGui342","args":{}},
{"cat":"timing","pid":1,"tid":1,"ts":29850892.126 ,"ph":"B","name":"Sync Parameters343","args":{}},
{"cat":"timing","pid":1,"tid":1,"ts":29850892.680 ,"ph":"E","name":"Sync Parameters343","args":{}}
],
"displayTimeUnit": "ns"}