{"traceEvents":[
{"cat":"timing","pid":1,"tid":1,"ts":10815543.213 ,"ph":"B","name":"forceUpdateScrollBars0","args":{}},
{"cat":"timing","pid":1,"tid":1,"ts":10815552.961 ,"ph":"E","name":"forceUpdateScrollBars0","args":{}},
{"cat":"timing","pid":1,"tid":1,"ts":10831964.046 ,"ph":"B","name":"CMD_REQUEST_KEYBOARD_EVENTS_DATA_COMPLETED1","args":{}},
{"cat":"timing","pid":1,"tid":1,"ts":10831964.262 ,"ph":"E","name":"CMD_REQUEST_KEYBOARD_EVENTS_DATA_COMPLETED1","args":{}},
{"cat":"timing","pid":1,"tid":1,"ts":10831958.545 ,"ph":"B","name":"processServerCMD2","args":{}},
{"cat":"timing","pid":1,"tid":1,"ts":10831964.940 ,"ph":"E","name":"processServerCMD2","args":{}},
{"cat":"timing","pid":1,"tid":1,"ts":10852341.987 ,"ph":"B","name":"b3SubmitClientCommand3","args":{}},
{"cat":"timing","pid":1,"tid":1,"ts":10852342.302 ,"ph":"E","name":"b3SubmitClientCommand3","args":{}},
{"cat":"timing","pid":1,"tid":1,"ts":10852355.952 ,"ph":"B","name":"texture4","args":{}},
{"cat":"timing","pid":1,"tid":1,"ts":10852358.441 ,"ph":"E","name":"texture4","args":{}},
{"cat":"timing","pid":1,"tid":1,"ts":10852359.148 ,"ph":"B","name":"Update Camera and Light5","args":{}},
{"cat":"timing","pid":1,"tid":1,"ts":10852361.295 ,"ph":"E","name":"Update Camera and Light5","args":{}},
{"cat":"timing","pid":1,"tid":1,"ts":10852361.477 ,"ph":"B","name":"Draw Grid6","args":{}},
{"cat":"timing","pid":1,"tid":1,"ts":10852445.474 ,"ph":"E","name":"Draw Grid6","args":{}},
{"cat":"timing","pid":1,"tid":1,"ts":10852448.148 ,"ph":"B","name":"write all InstanceTransformToCPU7","args":{}},
{"cat":"timing","pid":1,"tid":1,"ts":10852452.750 ,"ph":"E","name":"write all InstanceTransformToCPU7","args":{}},
{"cat":"timing","pid":1,"tid":1,"ts":10852452.796 ,"ph":"B","name":"writeTransforms8","args":{}},
{"cat":"timing","pid":1,"tid":1,"ts":10852599.235 ,"ph":"E","name":"writeTransforms8","args":{}},
{"cat":"timing","pid":1,"tid":1,"ts":10852601.254 ,"ph":"B","name":"texture9","args":{}},
{"cat":"timing","pid":1,"tid":1,"ts":10852601.620 ,"ph":"E","name":"texture9","args":{}},
{"cat":"timing","pid":1,"tid":1,"ts":10852601.012 ,"ph":"B","name":"init10","args":{}},
{"cat":"timing","pid":1,"tid":1,"ts":10852601.663 ,"ph":"E","name":"init10","args":{}},
{"cat":"timing","pid":1,"tid":1,"ts":10852602.736 ,"ph":"B","name":"updateCamera11","args":{}},
{"cat":"timing","pid":1,"tid":1,"ts":10852602.902 ,"ph":"E","name":"updateCamera11","args":{}},
{"cat":"timing","pid":1,"tid":1,"ts":10852602.949 ,"ph":"B","name":"glFlush212","args":{}},
{"cat":"timing","pid":1,"tid":1,"ts":10852603.032 ,"ph":"E","name":"glFlush212","args":{}},
{"cat":"timing","pid":1,"tid":1,"ts":10852605.763 ,"ph":"B","name":"glDrawElementsInstanced13","args":{}},
{"cat":"timing","pid":1,"tid":1,"ts":10852619.676 ,"ph":"E","name":"glDrawElementsInstanced13","args":{}},
{"cat":"timing","pid":1,"tid":1,"ts":10852620.811 ,"ph":"B","name":"glDrawElementsInstanced14","args":{}},
{"cat":"timing","pid":1,"tid":1,"ts":10852625.393 ,"ph":"E","name":"glDrawElementsInstanced14","args":{}},
{"cat":"timing","pid":1,"tid":1,"ts":10852627.588 ,"ph":"B","name":"glDrawElementsInstanced15","args":{}},
{"cat":"timing","pid":1,"tid":1,"ts":10852634.283 ,"ph":"E","name":"glDrawElementsInstanced15","args":{}},
{"cat":"timing","pid":1,"tid":1,"ts":10852635.472 ,"ph":"B","name":"glDrawElementsInstanced16","args":{}},
{"cat":"timing","pid":1,"tid":1,"ts":10852638.572 ,"ph":"E","name":"glDrawElementsInstanced16","args":{}},
{"cat":"timing","pid":1,"tid":1,"ts":10852639.927 ,"ph":"B","name":"glDrawElementsInstanced17","args":{}},
{"cat":"timing","pid":1,"tid":1,"ts":10852643.268 ,"ph":"E","name":"glDrawElementsInstanced17","args":{}},
{"cat":"timing","pid":1,"tid":1,"ts":10852644.780 ,"ph":"B","name":"glDrawElementsInstanced18","args":{}},
{"cat":"timing","pid":1,"tid":1,"ts":10852648.512 ,"ph":"E","name":"glDrawElementsInstanced18","args":{}},
{"cat":"timing","pid":1,"tid":1,"ts":10852649.919 ,"ph":"B","name":"glDrawElementsInstanced19","args":{}},
{"cat":"timing","pid":1,"tid":1,"ts":10852654.877 ,"ph":"E","name":"glDrawElementsInstanced19","args":{}},
{"cat":"timing","pid":1,"tid":1,"ts":10852655.051 ,"ph":"B","name":"glFlush20","args":{}},
{"cat":"timing","pid":1,"tid":1,"ts":10852655.092 ,"ph":"E","name":"glFlush20","args":{}},
{"cat":"timing","pid":1,"tid":1,"ts":10852655.150 ,"ph":"B","name":"glUseProgram(0);21","args":{}},
{"cat":"timing","pid":1,"tid":1,"ts":10852656.127 ,"ph":"E","name":"glUseProgram(0);21","args":{}},
{"cat":"timing","pid":1,"tid":1,"ts":10852600.965 ,"ph":"B","name":"GLInstancingRenderer::RenderScene22","args":{}},
{"cat":"timing","pid":1,"tid":1,"ts":10852656.794 ,"ph":"E","name":"GLInstancingRenderer::RenderScene22","args":{}},
{"cat":"timing","pid":1,"tid":1,"ts":10852446.133 ,"ph":"B","name":"PhysicsServerExample::RenderScene23","args":{}},
{"cat":"timing","pid":1,"tid":1,"ts":10852660.107 ,"ph":"E","name":"PhysicsServerExample::RenderScene23","args":{}},
{"cat":"timing","pid":1,"tid":1,"ts":10852445.579 ,"ph":"B","name":"Render Scene24","args":{}},
{"cat":"timing","pid":1,"tid":1,"ts":10852660.190 ,"ph":"E","name":"Render Scene24","args":{}},
{"cat":"timing","pid":1,"tid":1,"ts":10852660.506 ,"ph":"B","name":"setStatusBarMessage25","args":{}},
{"cat":"timing","pid":1,"tid":1,"ts":10852677.548 ,"ph":"E","name":"setStatusBarMessage25","args":{}},
{"cat":"timing","pid":1,"tid":1,"ts":10852677.664 ,"ph":"B","name":"renderGui26","args":{}},
{"cat":"timing","pid":1,"tid":1,"ts":10906053.581 ,"ph":"E","name":"renderGui26","args":{}},
{"cat":"timing","pid":1,"tid":1,"ts":10906054.137 ,"ph":"B","name":"Sync Parameters27","args":{}},
{"cat":"timing","pid":1,"tid":1,"ts":10906055.318 ,"ph":"E","name":"Sync Parameters27","args":{}}
],
"displayTimeUnit": "ns"}